https://doi.org/10.34894/O12KME,https://hdl.handle.net/10622/OHM48J
https://doi.org/10.34894/CGQ4J1,https://hdl.handle.net/10622/DTQKI6
https://doi.org/10.34894/PPUJZB,https://hdl.handle.net/10622/MMAYDK
https://doi.org/10.34894/XAJ12C,https://hdl.handle.net/10622/XMCZLZ
https://doi.org/10.34894/OP20NM,https://hdl.handle.net/10622/LVOQTG
https://doi.org/10.34894/RI0KGV,https://hdl.handle.net/10622/5LRS03
"
https://doi.org/10.34894/UFFFNO",https://hdl.handle.net/10622/WYVERW
https://doi.org/10.34894/K5BYMN,https://hdl.handle.net/10622/XDI7DD
https://doi.org/10.34894/MD59SC,https://hdl.handle.net/10622/DITM0Z
https://doi.org/10.34894/SIAUPO,https://hdl.handle.net/10622/SOS0KC
https://doi.org/10.34894/GDEPNF,https://hdl.handle.net/10622/MDNVH5
https://doi.org/10.34894/IQ0YMT,https://hdl.handle.net/10622/QJZKZ2
 https://doi.org/10.34894/PAHO7Q,https://hdl.handle.net/10622/75DURG
https://doi.org/10.34894/K7IVEW,https://hdl.handle.net/10622/JCTCJ2
https://doi.org/10.34894/50ZYWS,https://hdl.handle.net/10622/LVXSBW
https://doi.org/10.34894/5PZPPK,https://hdl.handle.net/10622/YAWDOV
https://doi.org/10.34894/SRDMFU,https://hdl.handle.net/10622/BHKMWE
https://doi.org/10.34894/E4CGBF,https://hdl.handle.net/10622/DMAS2T
https://doi.org/10.34894/IQ0YMT,https://hdl.handle.net/10622/X2JZYY
https://doi.org/10.34894/JPS8TB,https://hdl.handle.net/10622/VMSCBR
https://doi.org/10.34894/UFGGCY,https://hdl.handle.net/10622/PEKT40
https://doi.org/10.34894/CBO80N,https://hdl.handle.net/10622/V3XJIR
https://doi.org/10.34894/3Q0DLH,https://hdl.handle.net/10622/IWJMHH